parameter,low,median,high,shipped,identified,plotted,rel_low,rel_median,rel_high
kt,0.341608,0.352989,0.366241,0.36601349688984386,True,True,0.9333207734216726,0.9644152551735988,1.0006215702756573
armature,0.001707,0.001844,0.001972,0.0018077432831600838,True,True,0.9442712446515213,1.0200563416153516,1.0908628555669595
R,2.545341,2.777607,3.036212,2.8113923539223227,True,True,0.9053666936416256,0.9879826969454524,1.0799673676866979
friction_viscous,0.005377,0.006924,0.00853,0.005359668274599504,True,True,1.003233730990896,1.2918709974671685,1.5915164079137705
alpha,0.500085,4.253413,9.658182,8.683259907618984,False,True,0.05759184975693387,0.4898405720031382,1.1122760464103565
dtheta_stribeck,0.070957,0.836235,4.973314,2.890372094130307,False,True,0.024549434359713636,0.28931742099856433,1.7206483587700276
friction_base,0.000526,0.008044,0.010343,0.004771183165566,False,True,0.11024519112914861,1.6859549761271322,2.167806106176396
friction_stribeck,1.1e-05,0.001678,0.011056,0.004676345799486616,False,True,0.0023522640265840936,0.3588271851461918,2.364239188901249
load_friction_external,4.2e-05,0.076343,0.140258,8.515871897059342e-06,False,True,4.931967097168668,8964.789621408276,16470.18669320674
load_friction_external_quad,0.000156,0.004635,0.009976,0.004902565732332559,False,True,0.03182007310400258,0.9454233258785383,2.0348528800354475
load_friction_external_stribeck,0.004897,0.154983,0.384174,0.08077928978935671,False,True,0.06062197393378442,1.9185982001592221,4.755847705541698
load_friction_motor,0.002766,0.26783,0.327083,0.2667860954283698,False,True,0.010367856673934686,1.0039128897252088,1.2260121708172738
load_friction_motor_quad,0.000165,0.004662,0.009869,0.009972471242139415,False,True,0.016545547838010332,0.4674869334594192,0.989624312808024
load_friction_motor_stribeck,2e-06,0.000205,0.210942,1.0722918395099123e-05,False,True,0.18651638726581132,19.117929694745662,19672.069881312385
q_offset,0.000602,0.005031,0.010076,0.0271132870444849,False,True,0.02220313601269723,0.185554779534684,0.3716259110696633
