arm,group,episodes,successes,trials,rate,ci_low,ci_high
n8#1,n8,8,80,80,1.0,0.9549,1.0
n8#2,n8,8,79,80,0.9875,0.9323,0.9997
n8#3,n8,8,79,80,0.9875,0.9323,0.9997
n16#1,n16,16,79,80,0.9875,0.9323,0.9997
n16#2,n16,16,79,80,0.9875,0.9323,0.9997
n16#3,n16,16,78,80,0.975,0.9126,0.997
n32#1,n32,32,78,80,0.975,0.9126,0.997
n32#2,n32,32,80,80,1.0,0.9549,1.0
n32#3,n32,32,79,80,0.9875,0.9323,0.9997
n64#1,n64,64,77,80,0.9625,0.8943,0.9922
n64#2,n64,64,78,80,0.975,0.9126,0.997
n64#3,n64,64,61,80,0.7625,0.6542,0.8505
n128#1,n128,128,68,80,0.85,0.7526,0.92
n128#2,n128,128,80,80,1.0,0.9549,1.0
n128#3,n128,128,79,80,0.9875,0.9323,0.9997
