arm,condition,scale,span,successes,trials,rate,ci_low,ci_high
point,x0.7,0.7,,106,120,0.8833333333333333,0.812,0.9347
point,x0.8,0.8,,102,120,0.85,0.7733,0.9086
point,x0.9,0.9,,104,120,0.8666666666666667,0.7925,0.9218
point,fit,1.0,,108,120,0.9,0.8318,0.9473
point,x1.1,1.1,,104,120,0.8666666666666667,0.7925,0.9218
point,x1.2,1.2,,103,120,0.8583333333333333,0.7829,0.9153
point,x1.3,1.3,,105,120,0.875,0.8022,0.9283
point,pm0.1,,0.1,101,120,0.8416666666666667,0.7638,0.9019
point,pm0.3,,0.3,85,120,0.7083333333333334,0.6184,0.7877
narrow,x0.7,0.7,,106,120,0.8833333333333333,0.812,0.9347
narrow,x0.8,0.8,,106,120,0.8833333333333333,0.812,0.9347
narrow,x0.9,0.9,,106,120,0.8833333333333333,0.812,0.9347
narrow,fit,1.0,,108,120,0.9,0.8318,0.9473
narrow,x1.1,1.1,,108,120,0.9,0.8318,0.9473
narrow,x1.2,1.2,,108,120,0.9,0.8318,0.9473
narrow,x1.3,1.3,,107,120,0.8916666666666667,0.8219,0.941
narrow,pm0.1,,0.1,105,120,0.875,0.8022,0.9283
narrow,pm0.3,,0.3,95,120,0.7916666666666666,0.708,0.8604
wide,x0.7,0.7,,88,120,0.7333333333333333,0.6449,0.8099
wide,x0.8,0.8,,84,120,0.7,0.6096,0.7802
wide,x0.9,0.9,,87,120,0.725,0.636,0.8025
wide,fit,1.0,,84,120,0.7,0.6096,0.7802
wide,x1.1,1.1,,87,120,0.725,0.636,0.8025
wide,x1.2,1.2,,88,120,0.7333333333333333,0.6449,0.8099
wide,x1.3,1.3,,87,120,0.725,0.636,0.8025
wide,pm0.1,,0.1,87,120,0.725,0.636,0.8025
wide,pm0.3,,0.3,90,120,0.75,0.6627,0.8245
