arm,trained_under,condition,successes,trials,ci_low,ci_high,per_run
point,none,x0.7,91,120,0.6717,0.8318,28/29/34
point,none,x0.8,97,120,0.7264,0.8744,28/34/35
point,none,x0.9,100,120,0.7544,0.8951,30/35/35
point,none,fit,108,120,0.8318,0.9473,34/37/37
point,none,x1.1,103,120,0.7829,0.9153,33/35/35
point,none,x1.2,100,120,0.7544,0.8951,34/31/35
point,none,x1.3,101,120,0.7638,0.9019,33/33/35
point,none,pm0.1,101,120,0.7638,0.9019,31/35/35
point,none,pm0.3,85,120,0.6184,0.7877,25/27/33
narrow,±0.1,x0.7,94,120,0.6989,0.8533,34/28/32
narrow,±0.1,x0.8,102,120,0.7733,0.9086,35/33/34
narrow,±0.1,x0.9,102,120,0.7733,0.9086,35/33/34
narrow,±0.1,fit,108,120,0.8318,0.9473,37/36/35
narrow,±0.1,x1.1,107,120,0.8219,0.941,35/37/35
narrow,±0.1,x1.2,107,120,0.8219,0.941,35/37/35
narrow,±0.1,x1.3,106,120,0.812,0.9347,35/36/35
narrow,±0.1,pm0.1,105,120,0.8022,0.9283,35/35/35
narrow,±0.1,pm0.3,95,120,0.708,0.8604,32/31/32
wide,±0.3,x0.7,87,120,0.636,0.8025,29/31/27
wide,±0.3,x0.8,88,120,0.6449,0.8099,29/34/25
wide,±0.3,x0.9,88,120,0.6449,0.8099,29/34/25
wide,±0.3,fit,84,120,0.6096,0.7802,29/31/24
wide,±0.3,x1.1,86,120,0.6272,0.7951,31/34/21
wide,±0.3,x1.2,87,120,0.636,0.8025,32/34/21
wide,±0.3,x1.3,84,120,0.6096,0.7802,31/33/20
wide,±0.3,pm0.1,87,120,0.636,0.8025,30/34/23
wide,±0.3,pm0.3,90,120,0.6627,0.8245,31/34/25
